{"cameraMode":{"drawMode":0,"name":"Shaded","section":"Shading Mode"},"sceneLighting":true,"audioPlay":false,"sceneViewState":{"showFog":true,"showMaterialUpdate":false,"showSkybox":false,"showFlares":true,"showImageEffects":true,"showParticleSystems":true,"showVisualEffectGraphs":true,"m_FxEnabled":true},"in2DMode":false,"pivot":{"x":0.06999969482421875,"y":0.46000003814697268,"z":0.12600040435791017},"rotation":{"x":0.360813170671463,"y":-0.02797671966254711,"z":0.010827834717929364,"w":0.9321672320365906},"size":18.186532974243165,"orthographic":false}