{"cameraMode":{"drawMode":0,"name":"Shaded","section":"Shading Mode"},"sceneLighting":true,"audioPlay":false,"sceneViewState":{"showFog":true,"showMaterialUpdate":false,"showSkybox":true,"showFlares":true,"showImageEffects":true,"showParticleSystems":true,"showVisualEffectGraphs":true,"m_FxEnabled":true},"in2DMode":false,"pivot":{"x":0.7094628810882568,"y":1.820408821105957,"z":5.274049758911133},"rotation":{"x":0.31831276416778567,"y":-0.04405401274561882,"z":0.014836742542684079,"w":0.9468601942062378},"size":5.112730026245117,"orthographic":false}